# This file is generated on 08-Dec-2020 at 12:19:58 and contains for each site, each satellite, frequency:
# att_vap = attenuation due to water vapor (dB).
# All parameters are computed by: ITU-R P.676-8 model general method.
# Attenuation due to water vapor results are sorted acording to the site identification number:
#    _ 1 = Isfjord Radio (Norway) (Lat = 7.8051e+01 deg, Lon = 1.3601e+01 deg, Alt = 7.0000e-03 km)
# Stored values are organised as follow:
# Site number, Satellite number, Frequency (GHz), Elevation angle (deg), Elevation probability (), att_vap (dB)
1, 1, 7.5000e+01, 5.0000e+00, 1.0000e+00, 4.7716e+00
1, 2, 7.5000e+01, 1.0000e+01, 1.0000e+00, 2.4425e+00
1, 3, 7.5000e+01, 1.5000e+01, 1.0000e+00, 1.6451e+00
1, 4, 7.5000e+01, 2.5000e+01, 1.0000e+00, 1.0095e+00
1, 5, 7.5000e+01, 3.5000e+01, 1.0000e+00, 7.4424e-01
1, 6, 7.5000e+01, 4.5000e+01, 1.0000e+00, 6.0383e-01
1, 7, 7.5000e+01, 6.0000e+01, 1.0000e+00, 4.9310e-01
1, 8, 7.5000e+01, 8.0000e+01, 1.0000e+00, 4.3365e-01
1, 9, 7.5000e+01, 9.0000e+01, 1.0000e+00, 4.2707e-01
