# This file is generated on 08-Dec-2020 at 12:18:29 and contains for each site, each satellite, frequency:
# att_vap = attenuation due to water vapor (dB).
# All parameters are computed by: ITU-R P.676-8 model general method.
# Attenuation due to water vapor results are sorted acording to the site identification number:
#    _ 1 = Isfjord Radio (Norway) (Lat = 7.8051e+01 deg, Lon = 1.3601e+01 deg, Alt = 7.0000e-03 km)
# Stored values are organised as follow:
# Site number, Satellite number, Frequency (GHz), Elevation angle (deg), Elevation probability (), att_vap (dB)
1, 1, 3.7500e+01, 5.0000e+00, 1.0000e+00, 1.4728e+00
1, 2, 3.7500e+01, 1.0000e+01, 1.0000e+00, 7.5390e-01
1, 3, 3.7500e+01, 1.5000e+01, 1.0000e+00, 5.0777e-01
1, 4, 3.7500e+01, 2.5000e+01, 1.0000e+00, 3.1159e-01
1, 5, 3.7500e+01, 3.5000e+01, 1.0000e+00, 2.2971e-01
1, 6, 3.7500e+01, 4.5000e+01, 1.0000e+00, 1.8638e-01
1, 7, 3.7500e+01, 6.0000e+01, 1.0000e+00, 1.5220e-01
1, 8, 3.7500e+01, 8.0000e+01, 1.0000e+00, 1.3385e-01
1, 9, 3.7500e+01, 9.0000e+01, 1.0000e+00, 1.3182e-01
