# This file is generated on 24-Nov-2020 at 14:47:59 and contains for each site, each satellite, frequency:
# att_vap = attenuation due to water vapor (dB).
# All parameters are computed by: ITU-R P.676-8 model general method.
# Attenuation due to water vapor results are sorted acording to the site identification number:
#    _ 1 = Graz (Austria) (Lat = 4.7070e+01 deg, Lon = 1.5440e+01 deg, Alt = 3.5300e-01 km)
# Stored values are organised as follow:
# Site number, Satellite number, Frequency (GHz), Elevation angle (deg), Elevation probability (), att_vap (dB)
1, 1, 7.5000e+01, 5.0000e+00, 1.0000e+00, 3.8497e+00
1, 2, 7.5000e+01, 1.0000e+01, 1.0000e+00, 1.9709e+00
1, 3, 7.5000e+01, 1.5000e+01, 1.0000e+00, 1.3275e+00
1, 4, 7.5000e+01, 2.5000e+01, 1.0000e+00, 8.1463e-01
1, 5, 7.5000e+01, 3.5000e+01, 1.0000e+00, 6.0057e-01
1, 6, 7.5000e+01, 4.5000e+01, 1.0000e+00, 4.8727e-01
1, 7, 7.5000e+01, 6.0000e+01, 1.0000e+00, 3.9791e-01
1, 8, 7.5000e+01, 8.0000e+01, 1.0000e+00, 3.4994e-01
