# This file is generated on 24-Nov-2020 at 15:06:45 and contains for each site:
# press = air total pressure (hPa); temp = air temperature (K); vap = water vapour density (g/m^3) and hl = height level of reference amsl (km).
# All parameters are computed by: ITU-R P.835-4 model on Mean annual period.
# Atmospheric results are sorted acording to the site identification number:
#    _ 1 = Isfjord Radio (Norway) (Lat = 7.8051e+01 deg, Lon = 1.3601e+01 deg, Alt = 7.0000e-03 km)
# Stored values are organised as follow:
# Site number, height level of reference amsl (km), press (hPa), temp (K), vap (g/m^3)
1, 7.0000e-03, 1.0123e+03, 2.8810e+02, 7.4738e+00
