# This file is generated on 24-Nov-2020 at 15:07:43 and contains for each site:
# att_oxy = attenuation due to oxygen (dB).
# All parameters are computed by: ITU-R P.676-8 model general method.
# Attenuation due to oxygen results are sorted acording to the site identification number:
#    _ 1 = Isfjord Radio (Norway) (Lat = 7.8051e+01 deg, Lon = 1.3601e+01 deg, Alt = 7.0000e-03 km)
# Stored values are organised as follow:
# Site number, Satellite number, freq (GHz), elev (deg), prob_elev, att_oxy (dB)
1, 1, 7.5000e+01, 5.0000e+00, 1.0000e+00, 5.5087e+00
1, 2, 7.5000e+01, 1.0000e+01, 1.0000e+00, 2.9058e+00
1, 3, 7.5000e+01, 1.5000e+01, 1.0000e+00, 1.9700e+00
1, 4, 7.5000e+01, 2.5000e+01, 1.0000e+00, 1.2131e+00
1, 5, 7.5000e+01, 3.5000e+01, 1.0000e+00, 8.9523e-01
1, 6, 7.5000e+01, 4.5000e+01, 1.0000e+00, 7.2663e-01
1, 7, 7.5000e+01, 6.0000e+01, 1.0000e+00, 5.9353e-01
1, 8, 7.5000e+01, 8.0000e+01, 1.0000e+00, 5.2204e-01
