# This file is generated on 08-Dec-2020 at 12:18:04 and contains for each site:
# att_oxy = attenuation due to oxygen (dB).
# All parameters are computed by: ITU-R P.676-8 model general method.
# Attenuation due to oxygen results are sorted acording to the site identification number:
#    _ 1 = Graz (Austria) (Lat = 4.7070e+01 deg, Lon = 1.5440e+01 deg, Alt = 3.5300e-01 km)
# Stored values are organised as follow:
# Site number, Satellite number, freq (GHz), elev (deg), prob_elev, att_oxy (dB)
1, 1, 7.5000e+01, 5.0000e+00, 1.0000e+00, 5.1459e+00
1, 2, 7.5000e+01, 1.0000e+01, 1.0000e+00, 2.7137e+00
1, 3, 7.5000e+01, 1.5000e+01, 1.0000e+00, 1.8397e+00
1, 4, 7.5000e+01, 2.5000e+01, 1.0000e+00, 1.1328e+00
1, 5, 7.5000e+01, 3.5000e+01, 1.0000e+00, 8.3598e-01
1, 6, 7.5000e+01, 4.5000e+01, 1.0000e+00, 6.7853e-01
1, 7, 7.5000e+01, 6.0000e+01, 1.0000e+00, 5.5424e-01
1, 8, 7.5000e+01, 8.0000e+01, 1.0000e+00, 4.8748e-01
1, 9, 7.5000e+01, 9.0000e+01, 1.0000e+00, 4.8008e-01
